<?xml version="1.0" encoding="UTF-8"?>
<skin version="0.2">
    <title xml:lang="ko">XE 게시판 심플 회색 스킨</title>
    <title xml:lang="en">XE Board Simple Gray Skin</title>
    <title xml:lang="zh-TW">簡易灰色面板</title>
    <description xml:lang="ko">
        XE 게시판의 기본 스킨입니다.
    </description>
    <description xml:lang="en">
        This is the basic board skin of XE.
    </description>
    <description xml:lang="zh-TW">
        XE 基本討論板面板。
    </description>
    <version>0.1</version>
    <date>2010-06-10</date>

    <author email_address="developers@xpressengine.com" link="http://xpressengine.com/">
        <name xml:lang="ko">NHN</name>
        <name xml:lang="en">NHN</name>
        <name xml:lang="zh-TW">NHN</name>
    </author>
	<extra_vars />
</skin>
