<?xml version="1.0" encoding="UTF-8"?>
<skin version="0.2">
    <title xml:lang="ko">XE Official Skin</title>
    <title xml:lang="zh-CN">XE Default Skin</title>
    <title xml:lang="zh-TW">XE 官方面板</title>
    <title xml:lang="jp">XEデフォルトスキン</title>
	<title xml:lang="vi">XE Official Skin</title>
	<title xml:lang="tr">XE Varsayılan Dış Görünümü</title>
    <description xml:lang="ko">
        XE Default Skin
        NHN (developers@xpressengine.com)
    </description>
	<description xml:lang="vi">
        XE Default Skin
        NHN (developers@xpressengine.com)
    </description>
    <description xml:lang="jp">
        XEデフォルトスキン
        NHN (developers@xpressengine.com)
    </description>
    <description xml:lang="zh-CN">
        XE Default Skin
        NHN (developers@xpressengine.com)
    </description>
    <description xml:lang="en">
        XE Default Skin
        NHN (developers@xpressengine.com)
    </description>
    <description xml:lang="es">
        XE Default Skin
        NHN (developers@xpressengine.com)
    </description>
    <description xml:lang="zh-TW">
        XE 官方面板。
        NHN (developers@xpressengine.com) 
    </description>
    <description xml:lang="tr">
        XE Varsayılan Dış Görünümü
        NHN (developers@xpressengine.com) 
    </description>
    <version>0.3</version>
    <date>2009-06-01</date>

    <author email_address="developers@xpressengine.com" link="http://xpressengine.com/">
        <name xml:lang="ko">NHN</name>
		<name xml:lang="vi">NHN</name>
		<name xml:lang="zh-CN">NHN</name>
		<name xml:lang="zh-TW">NHN</name>
        <name xml:lang="jp">NHN</name>
        <name xml:lang="tr">NHN</name>
    </author>

    <license>GPL v2 or later</license>

    <colorset>
        <color name="white" src="screenshot/white.gif">
            <title xml:lang="ko">하얀색(기본)</title>
            <title xml:lang="jp">白（デフォルト）</title>
            <title xml:lang="zh-CN">白色（基本）</title>
            <title xml:lang="en">White (default)</title>
			<title xml:lang="vi">White (Mặc định)</title>
            <title xml:lang="es">Blanco (por defecto)</title>
            <title xml:lang="zh-TW">白色(預設)</title>
            <title xml:lang="tr">Beyaz (varsayılan)</title>
        </color>
        <color name="black" src="screenshot/black.gif">
            <title xml:lang="ko">검은색</title>
            <title xml:lang="jp">黒</title>
            <title xml:lang="en">Black</title>
			<title xml:lang="vi">Black</title>
            <title xml:lang="ru">Черного</title>
            <title xml:lang="es">Negro</title>
            <title xml:lang="zh-CN">黑色</title>
            <title xml:lang="zh-TW">黑色</title>
            <title xml:lang="tr">Siyah</title>
        </color>
    </colorset>

    <extra_vars>
        <var name="default_style" type="select">
            <title xml:lang="ko">기본 형태</title>
            <title xml:lang="jp">デフォルトスタイル</title>
            <title xml:lang="zh-CN">默认样式</title>
            <title xml:lang="en">Default Form</title>
			<title xml:lang="vi">From mặc định</title>
            <title xml:lang="es">Formulario por defecto</title>
            <title xml:lang="zh-TW">預設樣式</title>
            <title xml:lang="tr">Geçerli Forum</title>
            <description xml:lang="ko">
                목록형, 웹진형, 갤러리형 기본 스타일을 지정할 수 있습니다.
                포럼형 스타일은 정렬대상을 updated로 하셔야 합니다.
            </description>
             <description xml:lang="jp">
                リスト型、ウェブジン型、ギャラリー型、フォーラム型の基本スタイルを指定することが出来ます。
                フォーラム型のスタイルはソート対象を「updated」にしなければなりません。
            </description>
            <description xml:lang="zh-CN">
                可以把版面指定为默认的目录型，新闻型，相册型及论坛型。
                当使用论坛型的时候请把排列对象设置为updated。
            </description>
            <description xml:lang="en">
                You may select default styles such as list style, webzine style, gallery stylz or forum style.
                Align Target for forum style is required to be selected as 'updated'.
            </description>
			<description xml:lang="vi">
                You may select default styles such as list style, webzine style, gallery stylz or forum style.
                Align Target for forum style is required to be selected as 'updated'.
            </description>
            <description xml:lang="es">
                Usted puede seleccionar por defecto los estilos como el estilo de lista, estilo webzine, galería stylz o estilo foro.
                Alinear Meta para el foro estilo es necesaria para ser seleccionado como 'actualización'.
            </description>
            <description xml:lang="tr">
                Liste tarzı, galeri tarzı, webzine tarzı ya da forum tarzını varsayılan tarz olarak seçebilirsiniz.
                Forum tarzı için hizalama hedefi 'updated' olarak seçilmek durumundudadır.
            </description>
            <description xml:lang="zh-TW">
                可選擇列表型、網路雜誌型，相簿型或論壇型當作討論板預設形式
                當使用論壇型的時候，請把排列目標設定成 updated。
            </description>
            <options value="list">
                <title xml:lang="ko">목록</title>
                <title xml:lang="en">list</title>
				<title xml:lang="vi">Danh sách</title>
                <title xml:lang="jp">リスト型</title>
                <title xml:lang="zh-CN">目录型</title>
                <title xml:lang="es">list</title>
                <title xml:lang="zh-TW">列表型</title>
                <title xml:lang="tr">liste</title>
            </options>
            <options value="webzine">
                <title xml:lang="ko">웹진</title>
                <title xml:lang="en">webzine</title>
				<title xml:lang="vi">Webzine</title>
                <title xml:lang="jp">ウェブジン(webzine)型</title>
                <title xml:lang="zh-CN">新闻型</title>
                <title xml:lang="es">webzine</title>
                <title xml:lang="zh-TW">雜誌型</title>
                <title xml:lang="tr">liste</title>
            </options>
            <options value="gallery">
                <title xml:lang="ko">갤러리</title>
                <title xml:lang="en">gallery</title>
				<title xml:lang="vi">Gallery</title>
                <title xml:lang="jp">ギャラリー型</title>
                <title xml:lang="zh-CN">相册型</title>
                <title xml:lang="es">gallery</title>
                <title xml:lang="zh-TW">相簿型</title>
                <title xml:lang="tr">galeri</title>
            </options>
            <options value="blog">
                <title xml:lang="ko">블로그</title>
                <title xml:lang="en">blog</title>
				<title xml:lang="vi">Blog</title>
                <title xml:lang="jp">ブログ型</title>
                <title xml:lang="zh-CN">博客型</title>
                <title xml:lang="es">blog</title>
                <title xml:lang="zh-TW">部落格型</title>
                <title xml:lang="tr">blog</title>
            </options>
        </var>
        <var name="display_setup_button" type="select">
            <title xml:lang="ko">설정 표시</title>
            <title xml:lang="zh-CN">显示管理设置组</title>
            <title xml:lang="jp">設定表示</title>
            <title xml:lang="en">Display Setup</title>
			<title xml:lang="vi">Cài đặt</title>
            <title xml:lang="es">Muestra la información de la Configuración</title>
            <title xml:lang="zh-TW">顯示設置</title>
            <title xml:lang="tr">Görüntü Ayarları</title>
            <options value="Y">
                <title xml:lang="ko">출력</title>
                <title xml:lang="en">display</title>
				<title xml:lang="vi">Hiển thị</title>
                <title xml:lang="jp">表示</title>
                <title xml:lang="zh-CN">显示</title>
                <title xml:lang="es">display</title>
                <title xml:lang="zh-TW">顯示</title>
                <title xml:lang="tr">görüntüle</title>
            </options>
            <options value="N">
                <title xml:lang="ko">출력하지 않음</title>
                <title xml:lang="en">not display</title>
				<title xml:lang="vi">Không hiển thị</title>
                <title xml:lang="jp">非表示</title>
                <title xml:lang="zh-CN">不显示</title>
                <title xml:lang="es">not display</title>
                <title xml:lang="zh-TW">隱藏</title>
                <title xml:lang="tr">görüntüleme</title>
            </options>
            <description />
        </var>
        <var name="title" type="text">
            <title xml:lang="ko">게시판 제목</title>
            <title xml:lang="jp">掲示板タイトル</title>
            <title xml:lang="zh-CN">版面标题</title>
            <title xml:lang="en">Title of Board</title>
			<title xml:lang="vi">Tiêu đề của Board</title>
            <title xml:lang="es">Title of Board</title>
            <title xml:lang="zh-TW">討論板標題</title>
            <title xml:lang="tr">Pano Başlığı</title>
            <description xml:lang="ko">게시판의 제목을 적어주세요.</description>
            <description xml:lang="jp">掲示板タイトルを入力して下さい。</description>
            <description xml:lang="zh-CN">请输入版面标题(留空为不显示)。</description>
            <description xml:lang="en">Plase input the title of board.</description>
            <description xml:lang="es">Plase input the title of board.</description>
            <description xml:lang="zh-TW">請輸入討論板標題(留白為隱藏)。</description>
            <description xml:lang="tr">Lütfen pano başlığını giriniz.</description>
        </var>
        <var name="sub_title" type="text">
            <title xml:lang="ko">게시판 부제목</title>
            <title xml:lang="jp">掲示板サブタイトル</title>
            <title xml:lang="zh-CN">版面副标题</title>
            <title xml:lang="en">Subtitle of Board</title>
			<title xml:lang="vi">Tiêu đề phụ</title>
            <title xml:lang="zh-TW">討論板副標題</title>
            <title xml:lang="tr">Pano Altbaşlığı</title>
            <description xml:lang="ko">게시판 제목 옆에 나타날 부제목을 적어주세요.</description>
            <description xml:lang="jp">掲示板タイトルの隣りに表示されるサブタイトルを入力して下さい。</description>
            <description xml:lang="zh-CN">请输入版面副标题(留空为不显示)。</description>
            <description xml:lang="en">Please input the subtitle of board which will be displayed beside of board title.</description>
			<description xml:lang="vi">Please input the subtitle of board which will be displayed beside of board title.</description>
            <description xml:lang="es">Please input the subtitle of board which will be displayed beside of board title.</description>
            <description xml:lang="zh-TW">請輸入討論板副標題(留白為隱藏)。</description>
        	<description xml:lang="tr">Lütfen, pano başlığının yanında gösterilecek olan, pano altbaşlığını giriniz.</description>
        </var>
        <var name="comment" type="textarea">
            <title xml:lang="ko">게시판 상세 설명</title>
            <title xml:lang="jp">掲示板の詳細</title>
            <title xml:lang="zh-CN">版面详细说明</title>
            <title xml:lang="en">Description of Board</title>
			<title xml:lang="vi">Mô tả</title>
            <title xml:lang="es">Description of Board</title>
            <title xml:lang="zh-TW">討論板說明</title>
            <title xml:lang="en">Pano Tanımı</title>
            <description xml:lang="ko">게시판 제목 아래 표시될 설명을 입력하실 수 있습니다.</description>
            <description xml:lang="jp">掲示板タイトルの下に表示される説明文を入力して下さい。</description>
            <description xml:lang="zh-CN">请输入版面说明(留空为不显示)。</description>
            <description xml:lang="en">You may input description which will be displayed under the board title.</description>
			<description xml:lang="vi">You may input description which will be displayed under the board title.</description>
            <description xml:lang="es">You may input description which will be displayed under the board title.</description>
            <description xml:lang="zh-TW">請輸入討論板說明(留白為隱藏)。</description>
            <description xml:lang="tr">Pano başlığının altında gösterilecek olan bir açıklama girebilirsiniz.</description>
        </var>
        <var name="subject_cut_size" type="text">
            <title xml:lang="ko">제목 글자수</title>
            <title xml:lang="jp">タイトルの文字数</title>
            <title xml:lang="zh-CN">标题字数</title>
            <title xml:lang="en">Length of Subject</title>
			<title xml:lang="vi">Độ dài tiêu đề</title>
            <title xml:lang="es">Length of Subject</title>
            <title xml:lang="zh-TW">標題字數</title>
            <title xml:lang="tr">Konu Uzunluğu</title>
            <description xml:lang="ko">제목 글자수를 지정할 수 있습니다. (0또는 비워주시면 자르지 않습니다)</description>
            <description xml:lang="jp">タイトルの文字数を設定します（「0」または空欄の場合は、文字数を制限しません）。</description>
            <description xml:lang="zh-CN">可以指定标题字数(0或留空为不限)。</description>
            <description xml:lang="en">You may set length of title. (0 or blank value will not restrict the length)</description>
			<description xml:lang="vi">You may set length of title. (0 or blank value will not restrict the length)</description>
            <description xml:lang="es">You may set length of title. (0 or blank value will not restrict the length)</description>
            <description xml:lang="zh-TW">可指定標題字數(0或留白為不限制)。</description>
            <description xml:lang="tr">Başlık uzunluğunu seçebilirsiniz. (0 ya da boş bir değer uzunluğu kısıtlamayacaktır.)</description>
        </var>
		<var name="content_cut_size" type="text">
			<title xml:lang="ko">내용 글자수</title>
			<title xml:lang="jp">内容の文字数</title>
			<title xml:lang="zh-CN">内容字数</title>
			<title xml:lang="en">Length of Content</title>
			<title xml:lang="vi">Độ dài nội dung</title>
			<title xml:lang="es">Número de letras del Contenidos</title>
			<title xml:lang="ru">Длина содержания</title>
			<title xml:lang="zh-TW">內容字數</title>
			<title xml:lang="tr">İçerik Uzunluğu</title>
			<description xml:lang="ko">내용 글자수를 지정할 수 있습니다. (기본 240)</description>
			<description xml:lang="jp">内容の文字数を指定します(デフォルト 240)。</description>
			<description xml:lang="zh-CN">可以指定要显示的内容字数。(默认为240)</description>
			<description xml:lang="en">Length of Content can be assigned. (default 240)</description>
			<description xml:lang="vi">Length of Content can be assigned. (default 240)</description>
			<description xml:lang="es">El largo del Contenidos puede ser asignado. (Predefinido 240)</description>
			<description xml:lang="ru">Длина содержания может быть присвоена. (стандарт: 240)</description>
			<description xml:lang="zh-TW">可以指定要顯示的內容字數。(預設是240)</description>
			<description xml:lang="tr">İçerik uzunluğu belirlenebilir.(öntanımlı ayar : 240)</description>
		</var>
        <var name="display_ip_address" type="select">
            <title xml:lang="ko">아이피주소 표시</title>
            <title xml:lang="en">Display ip address</title>
			<title xml:lang="vi">Hiển thị IP</title>
            <title xml:lang="jp">IPアドレス表示</title>
            <title xml:lang="zh-CN">显示IP地址</title>
            <title xml:lang="es-CN">Display ip address</title>
            <title xml:lang="zh-TW">顯示IP位址</title>
            <title xml:lang="tr">Ip adresi Göster</title>
            <options value="Y">
                <title xml:lang="ko">출력</title>
                <title xml:lang="en">display</title>
				<title xml:lang="vi">Hiển thị</title>
                <title xml:lang="jp">表示</title>
                <title xml:lang="zh-CN">显示</title>
                <title xml:lang="es">display</title>
                <title xml:lang="zh-TW">顯示</title>
                <title xml:lang="tr">görüntüle</title>
            </options>
            <options value="N">
                <title xml:lang="ko">출력하지 않음</title>
                <title xml:lang="en">not display</title>
				<title xml:lang="vi">Không hiển thị</title>
                <title xml:lang="jp">非表示</title>
                <title xml:lang="zh-CN">不显示</title>
                <title xml:lang="es">not display</title>
                <title xml:lang="zh-TW">隱藏</title>
                <title xml:lang="tr">görüntüleme</title>
            </options>
        </var>
        <var name="display_sign" type="select">
            <title xml:lang="ko">서명 표시</title>
			<title xml:lang="vi">Chữ kí</title>
            <title xml:lang="jp">署名表示</title>
            <title xml:lang="zh-CN">显示签名</title>
            <title xml:lang="en">서명 표시</title>
            <title xml:lang="es">서명 표시</title>
            <title xml:lang="zh-TW">顯示簽名檔</title>
            <title xml:lang="tr">His Simgelerinizi Gösterin</title>
            <description xml:lang="ko">글내용 사용자의 서명과 프로필 이미지를 표시하거나 숨길 수 있습니다.</description>
			<description xml:lang="vi">글내용 사용자의 서명과 프로필 이미지를 표시하거나 숨길 수 있습니다.</description>
            <description xml:lang="jp">本文内で会員の署名とプロフィルイメージの表示を設定します。</description>
            <description xml:lang="zh-CN">可以设置主题发布者的个人签名及个性头像显示与否。</description>
            <description xml:lang="en">글내용 사용자의 서명과 프로필 이미지를 표시하거나 숨길 수 있습니다.</description>
            <description xml:lang="es">글내용 사용자의 서명과 프로필 이미지를 표시하거나 숨길 수 있습니다.</description>
            <description xml:lang="zh-TW">可選擇是否在文章中顯示個人圖片和簽名檔</description>
            <description xml:lang="tr">His simgelerinizi ve ya imzanızı gösterip-göstermeyeceğinizi düzenleyebilirsiniz</description>
            <options value="Y">
                <title xml:lang="ko">출력</title>
                <title xml:lang="en">display</title>
				<title xml:lang="vi">Hiển thị</title>
                <title xml:lang="jp">表示</title>
                <title xml:lang="zh-CN">显示</title>
                <title xml:lang="es">display</title>
                <title xml:lang="zh-TW">顯示</title>
                <title xml:lang="tr">görüntüle</title>
            </options>
            <options value="N">
                <title xml:lang="ko">출력하지 않음</title>
                <title xml:lang="en">not display</title>
				<title xml:lang="vi">Không hiển thị</title>
                <title xml:lang="jp">非表示</title>
                <title xml:lang="zh-CN">不显示</title>
                <title xml:lang="es">not display</title>
                <title xml:lang="zh-TW">隱藏</title>
                <title xml:lang="tr">görüntüleme</title>
            </options>
        </var>
        <var name="duration_new" type="text" default="24">
            <title xml:lang="ko">new표시 시간 (hours)</title>
            <title xml:lang="jp">Newの表示時間 (Hours)</title>
            <title xml:lang="zh-CN">new图标显示时间(hours)</title>
            <title xml:lang="en">Duration of indication for new item</title>
			<title xml:lang="vi">Thời gian hiển thị của bài mới</title>
            <title xml:lang="es">Duration of indication for new item</title>
            <title xml:lang="zh-TW">new圖案顯示時間(hours)</title>
            <title xml:lang="tr">Yeni öğenin gösterilme süresi</title>
            <description xml:lang="ko">새로 등록된 게시물의 new 표시시간을 정할 수 있습니다. </description>
            <description xml:lang="jp">新しく登録された書き込みに対して「New」の表示時間を設定します。 </description>
            <description xml:lang="zh-CN">可以设置最新更新主题的new图标显示时间。</description>
            <description xml:lang="en">You may set the duration of indication for fresh item. </description>
			<description xml:lang="vi">You may set the duration of indication for fresh item. </description>
            <description xml:lang="es">You may set the duration of indication for fresh item. </description>
            <description xml:lang="zh-TW">可設置最新更新主題的new圖案顯示時間。</description>
        	<description xml:lang="tr">Yeni öğenin ne kadar süre gösterileceğini ayarlayabilirsiniz</description>
        </var>
        <var name="thumbnail_type" type="select">
            <title xml:lang="ko">썸네일 생성 방법</title>
            <title xml:lang="jp">サムネール生成方法</title>
            <title xml:lang="zh-CN">缩略图生成方式</title>
            <title xml:lang="en">Type of Thumbnail</title>
			<title xml:lang="vi">Kiểu hình nhỏ</title>
            <title xml:lang="zh-TW">縮圖建立方式</title>
            <title xml:lang="tr">Küçük Resim Türü</title>
            <description xml:lang="ko">썸네일 생성 방법을 선택할 수 있습니다.</description>
            <description xml:lang="jp">サムネールの生成方法を選択します。</description>
            <description xml:lang="zh-CN">可以选择缩略图生成方式。</description>
            <description xml:lang="en">Choose the type to create the thumnail.</description>
			<description xml:lang="vi">Choose the type to create the thumnail.</description>
            <description xml:lang="zh-TW">可選擇縮圖建立方式。</description>
            <description xml:lang="tr">Oluşturulacak küçük resmin türünü giriniz.</description>
            <options value="crop">
                <title xml:lang="ko">꽉 채우기</title>
                <title xml:lang="jp">刈り込み</title>
                <title xml:lang="zh-CN">裁减</title>
                <title xml:lang="en">crop</title>
				<title xml:lang="vi">Hình cắt</title>
                <title xml:lang="zh-TW">裁減</title>
                <title xml:lang="tr">kırpılmış</title>
            </options>
            <options value="ratio">
                <title xml:lang="ko">비율 맞추기</title>
                <title xml:lang="jp">比率</title>
                <title xml:lang="zh-CN">比例</title>
                <title xml:lang="en">ratio</title>
				<title xml:lang="vi">Tỷ lệ</title>
                <title xml:lang="zh-TW">比例</title>
                <title xml:lang="tr">kırpılmış</title>
            </options>
        </var>
        <var name="thumbnail_width" type="text" default="100">
            <title xml:lang="ko">썸네일 가로크기</title>
            <title xml:lang="jp">サムネールの横サイズ</title>
            <title xml:lang="zh-CN">缩略图宽度</title>
            <title xml:lang="en">Width of Thumbnail</title>
			<title xml:lang="vi">Chiều rộng hình nhỏ</title>
            <title xml:lang="zh-TW">縮圖寬度</title>
            <title xml:lang="tr">Küçük Resim Uzunluğu</title>
            <description xml:lang="ko">썸네일의 가로 크기를 지정할 수 있습니다. (기본 100px)</description>
            <description xml:lang="jp">サムネールの横サイズを指定します(デフォルト 100px)。</description>
            <description xml:lang="zh-CN">可以指定缩略图宽度(默认为 100px)。</description>
            <description xml:lang="en">Set the width of thumbnail. Default is 100px.</description>
			<description xml:lang="vi">Set the width of thumbnail. Default is 100px.</description>
            <description xml:lang="zh-TW">可指定縮圖寬度(預設是 100px)。</description>
            <description xml:lang="tr">Küçük resmin genişliğini ayarla. Varsayılan ayar 100px</description>
        </var>
        <var name="thumbnail_height" type="text" default="100">
            <title xml:lang="ko">썸네일 세로크기</title>
            <title xml:lang="jp">サムネールの縦サイズ</title>
            <title xml:lang="zh-CN">缩略图高度</title>
            <title xml:lang="en">Height of Thumbnail</title>
			<title xml:lang="vi">Chiều cao hình nhỏ</title>
            <title xml:lang="zh-TW">縮圖高度</title>
            <title xml:lang="tr">Küçük Resim Uzunluğu</title>
            <description xml:lang="ko">썸네일의 세로 크기를 지정할 수 있습니다. (기본 100px)</description>
            <description xml:lang="jp">サムネールの縦サイズを指定します(デフォルト 100px)。</description>
            <description xml:lang="zh-CN">可以指定缩略图高度(默认为 100px)。</description>
            <description xml:lang="en">Set the height of thumbnail. Default is 100px.</description>
			<description xml:lang="vi">Set the height of thumbnail. Default is 100px.</description>
            <description xml:lang="zh-TW">可指定縮圖高度(預設是 100px)。</description>
            <description xml:lang="tr">Küçük resmin uzunluğunu ayarla. Varsayılan ayar 100px</description>
        </var>
    </extra_vars>
</skin>

