<filter name="insert_board" module="board" act="procBoardAdminInsertBoard" confirm_msg_code="confirm_submit">
    <form>
        <node target="mid" required="true" maxlength="40" filter="alpha_number" />
        <node target="browser_title" required="true" maxlength="250" />
        <node target="list_count" required="true" filter="number" />
        <node target="search_list_count" required="true" filter="number" />
        <node target="page_count" required="true" filter="number" />
    </form>
    <parameter>
        <param name="board_name" target="mid" />
        <param name="module_srl" target="module_srl" />
        <param name="module_category_srl" target="module_category_srl" />
        <param name="layout_srl" target="layout_srl" />
        <param name="skin" target="skin" />
        <param name="browser_title" target="browser_title" />
        <param name="use_category" target="use_category" />
        <param name="order_target" target="order_target" />
        <param name="order_type" target="order_type" />
        <param name="list_count" target="list_count" />
        <param name="search_list_count" target="search_list_count" />
        <param name="except_notice" target="except_notice" />
        <param name="use_anonymous" target="use_anonymous" />
        <param name="consultation" target="consultation" />
        <param name="secret" target="secret" />
        <param name="admin_mail" target="admin_mail" />
        <param name="page_count" target="page_count" />
        <param name="is_default" target="is_default" />
        <param name="description" target="description" />
        <param name="header_text" target="header_text" />
        <param name="footer_text" target="footer_text" />
    </parameter>
    <response callback_func="completeInsertBoard">
        <tag name="error" />
        <tag name="message" />
        <tag name="module" />
        <tag name="act" />
        <tag name="page" />
        <tag name="module_srl" />
    </response>
</filter>
