<?xml version="1.0" encoding="UTF-8"?>
<skin version="0.2">
    <title xml:lang="ko">XE 게시판 기본 스킨</title>
    <title xml:lang="en">XE Basic Board Skin</title>
    <title xml:lang="zh-TW">XE 基本面板</title>
    <title xml:lang="tr">XE Temel Pano Dış Görünümü</title>
    <description xml:lang="ko">
        XE 게시판의 기본 스킨입니다.
        NHN (developers@xpressengine.com) 
    </description>
    <description xml:lang="en">
        This is the basic board skin of XE.
        NHN (developers@xpressengine.com) 
    </description>
    <description xml:lang="tr">
        XE'nin temel pano dış görünümüdür
        NHN (developers@xpressengine.com) 
    </description>
    <description xml:lang="zh-TW">
        XE 基本討論板面板。
        NHN (developers@xpressengine.com) 
    </description>
    <version>0.1</version>
    <date>2010-06-10</date>

    <author email_address="developers@xpressengine.com" link="http://xpressengine.com/">
        <name xml:lang="ko">NHN</name>
        <name xml:lang="en">NHN</name>
        <name xml:lang="zh-TW">NHN</name>
        <name xml:lang="tr">NHN</name>
    </author>
	<extra_vars />
</skin>
